order	kind	packageId	name	workshopId	declaredVersion	localFolder
1	workshop	brrainz.harmony	Harmony	2009463077	2.4.2.0	
2	official	ludeon.rimworld	Core			
3	official	ludeon.rimworld.royalty	Royalty			
4	official	ludeon.rimworld.ideology	Ideology			
5	official	ludeon.rimworld.biotech	Biotech			
6	official	ludeon.rimworld.anomaly	Anomaly			
7	official	ludeon.rimworld.odyssey	Odyssey			
8	workshop	unlimitedhugs.hugslib	HugsLib	818773962		
9	workshop	unlimitedhugs.allowtool	Allow Tool	761421485		
10	workshop	voult.betterpawncontrol	Better Pawn Control	1541460369		
11	workshop	adaptive.storage.framework	Adaptive Storage Framework	3033901359		
12	workshop	imranfish.xmlextensions	XML Extensions	2574315206		
13	workshop	oskarpotocki.vanillafactionsexpanded.core	Vanilla Expanded Framework	2023507013		
14	workshop	oark.oberoniaaurea.framework	[OA]Oberonia Aurea Framework	3713589764		
15	workshop	ancot.ancotlibrary	Ancot Library	2988801276		
16	workshop	ariandel.ariandellibrary	Ariandel Library	3665997350		
17	workshop	hailuan.customquestframework	Custom Quest Framework	2978572782	2.1	
18	workshop	ccl.patchoperation.highlander	PatchOperationHighlander	2552002158		
19	workshop	erdelf.humanoidalienraces	Humanoid Alien Races	839005762		
20	workshop	eoralmilk.meowframework	Meow Framework	3247685844		
21	workshop	har.mugirlrace	Mugirl Race	3578882219		
22	workshop	mlie.nwnrealfogofwar	(NWN) Real Fog of War (Continued)	3391128917	1.6.13	
23	workshop	defaults.1trickpwnyta	1trickPwnyta's Defaults	3285178686	1.9.4a	
24	workshop	odysseypatch.1trickpwnyta	1trickPwnyta's Odyssey Patch	3578444636	1.4.2	
25	workshop	arylice.rimworld.automaticstumpchopping	[ARY] Automatic Stump Chopping [1.5 - 1.6]	3357749890	1.0	
26	workshop	frozensnowfox.filthvanisheswithrainandtime	[FSF] Filth Vanishes With Rain And Time	1508341791		
27	workshop	derekbickley.ltocolonygroupsfinal	[LTO] Colony Groups	2345493945		
28	workshop	nals.facialanimation	[NL] Facial Animation - WIP	1635901197		
29	workshop	oganesson.secondary.immune.response	[Og] Secondary Immune Response	2920337086		
30	workshop	rh2.faction.void	[RH2] Faction: V.O.I.D.	2883208829		
31	workshop	rh2.void.storyteller	[RH2] V.O.I.D. Storyteller	2130957394		
32	workshop	sbz.neatstoragefridge	[sbz] Fridge	3486264784		
33	workshop	sbz.neatstorage	[sbz] Neat Storage	3416243474		
34	workshop	seekiworksmod.no17	AAAA(Allowed Area Automatic Adapter)	3264193512	4.1.0.3	
35	workshop	mlie.allmemoriesfade	All Memories Fade	2800155563	1.6.0	
36	workshop	avilmask.animalcontrols	Animal Controls	2426119067		
37	workshop	oblitus.animalslogic	Animals Logic	1098354593		
38	workshop	automatic.autolinks	Auto links	2059389912		
39	workshop	rabiosus.autoblink	AutoBlink	3493889625		
40	workshop	meltup.beautifuloutdoors	Beautiful Outdoors	2011794898		
41	workshop	inertialmage.beautystatmod	Beauty Matters	2896613924		
42	workshop	gwinnbleidd.mothballedanddeadpawns	Better GC: Mothballed and World Pawns	2982026860		
43	workshop	falconne.bwm	Better Workbench Management	935982361	1.6.1.3	
44	workshop	redmattis.biggergravship	Bigger Gravships (and other Odyssey spaceship related settings)	3522759531		
45	workshop	udon.bouquetoflove	Bouquet of Love	2590854091		
46	workshop	buildfromstorage.programmerlily.com	Build From Storage	3523011187	1.0.4	
47	workshop	brrainz.cameraplus	Camera+	867467808	3.4.7.0	
48	workshop	tot.celetech.mkiii	CeleTech Arsenal MKIII	3446237098		
49	workshop	tot.celetech.sub.fbs	CeleTech Subsonic Disruptor	3503450120		
50	workshop	void.charactereditor	Character Editor	1874644848	1.6.1	
51	workshop	kirimin.chatlogoverlay	Chatlog Overlay	3562954061		
52	workshop	udon.childbirthprayer	Child Birth Prayer	2878376981		
53	workshop	kearril.choosewheretoland	Choose Where To Land	3537970831		
54	workshop	leo.cleanresearchsort	Clean Research Sort	3566639513		
55	workshop	godlyannihilator.completelyclueless	Completely Clueless	3227796435		
56	workshop	merthsoft.designatorshapes	Designator Shapes	1235181370		
57	workshop	garwel.destroyitem	Destroy Item	2423311270		
58	workshop	hailuan.voiduniverse	Dlc collaboration - Void universe	3587277884		
59	workshop	gguake.ai.dsfi	Do Something for Idle	1896806569		
60	workshop	assssssqwww.dsfiasqmorejob	Do Something for Idle - More Actions	3689911226		
61	workshop	dracoix.doormat.r12a	Door Mat	1505423207		
62	workshop	dubwise.dubsmintmenus	Dubs Mint Menus	1446523594	1.3.1247	
63	workshop	dubwise.rimatomics	Dubs Rimatomics	1127530465	1.7.3551	
64	workshop	thumb.durablespiketraps	Durable Spike Traps	3213994174		
65	workshop	trigger.eliteraid	Elite Raid 精英化袭击	3492954974		
66	workshop	slimesenpai.endlessgrowth	EndlessGrowth	2894401734		
67	workshop	fxz.glitterworlddestroyer.mk5	Glitterworld Destroyer 5 - Mechanoid Addon	3550544871		
68	workshop	telefonmast.graphicssettings	Graphics Settings+	1678847247		
69	workshop	mlie.hiddenenemybio	Hidden Enemy Bio (Continued)	3290742314	1.6.1	
70	workshop	ilyvion.laboratory	ilyvion's Laboratory	3296362231	0.24.0	
71	workshop	heimu.rimmomotalk	The Grand Library of 「Mirrored」	3782667656		
72	local	local.iristexturebudget	Iris Texture Budget			IrisTextureBudget
73	workshop	aoba.fortress.industrial.concrete	Industrial concrete	2888037450		
74	workshop	jaxe.bubbles	Interaction Bubbles	1516158345		
75	workshop	linnun.keepconverting	Keep Converting	3461478214		
76	workshop	kahdeg.killfeed	Killfeed	1362098265		
77	workshop	nep.landonanything	Land On Anything	3545384484		
78	workshop	ordpus.leftovers	Leftovers	3042607045		
79	workshop	erdelf.minifyeverything	MinifyEverything	872762753		
80	workshop	msm.moodstressandmotivation	Mood Stress and Motivation	3558393733		
81	workshop	doll.nevergeneraterelations	Never Generate Relations	2891797130		
82	workshop	ordpus.noexplosiononslaughter	No Explosion On Slaughter 移除屠宰死亡爆炸	2572993856		
83	workshop	cedaro.nohopelessromance	No Hopeless Romance	2964282061		
84	workshop	vesper.notmyfault	Not My Fault	2870045856		
85	workshop	arkymn.slowerpawntickrate	Performance - Slower Pawn Tick Rate	3524116050		
86	workshop	mehni.pickupandhaul	Pick Up And Haul	1279012058		
87	workshop	rsmaintain.vanya.polarisbloc.mechenemy	Polarisbloc - Mechenemy	2919759689		
88	workshop	ponpeco.pfkidsroom	Ponpeco Furnitures : Kids' Room	3367310887	1.7.3	
89	workshop	ponpeco.pfkschooldesk	Ponpeco Furnitures : School Desk	3367534692	1.2	
90	workshop	dawnsglow.qualcolor	Quality Colors (Continued)	3513846773		
91	workshop	hatti.qualitybuilder	QualityBuilder Unofficial 1.6	3512466087	1.6.013	
92	workshop	mlie.realdining	RealDining (Continued)	2280250569	1.6.0	
93	workshop	wemd.realisticdarknesslight	Realistic Darkness (Light)	1555355332		
94	workshop	ilyvion.realisticorbitaltrade	Realistic Orbital Trade	3236257897	0.12.0	
95	workshop	kongkim.researchdata	Research Data	3001121619		
96	workshop	brrainz.reversecommands	Reverse Commands	858744731	2.4.1.0	
97	workshop	jaxe.rimhud	RimHUD	1508850027		
98	workshop	maux36.rimpsyche	Rimpsyche - Personality Core	3535112473	1.0.43	
99	workshop	sandy.rpgstyleinventory.avilmask.revamped	RPG Style Inventory Revamped	2478833213		
100	workshop	memegoddess.runandgun	RunAndGun - Continued	3562365100		
101	workshop	stormshark.samesexivf	Samesex IVF	2878580643		
102	workshop	hellrevenger.scheduledarea	Scheduled Area	3225403693		
103	workshop	memegoddess.searchanddestroy	Search and Destroy (Continued)	3232242247		
104	workshop	raccooncuddler.showhair	Show Hair Under Stuff	3255379190		
105	workshop	mlie.showmeyourhands	Show Me Your Hands	2475965842	1.6.10	
106	workshop	sl4vp0wer.sleepmeditation.1.5	Sleep Meditation	3238976509		
107	workshop	owlchemist.smartfarming	Smart Farming	3220129183		
108	workshop	sarg.smartspeed	Smart Speed	1504723424		
109	workshop	weilbyte.snapout	Snap Out!	1319782555		
110	workshop	puremj.mjrimmods.storagerefillhysteresis	Storage Refill Hysteresis	3273463237		
111	workshop	zal.taofc	The Army Of Fetid Corpses (Continued)	3597124120	1.0.6	
112	workshop	rw.mod.transmog	Transmog (Fork)	3526934473		
113	workshop	trigger.universalblueprints	Universal Blueprints	3540066516		
114	workshop	mlie.usethisinstead	Use This Instead	3396308787	1.6.152	
115	workshop	vanillaexpanded.vanillaaspirationsexpanded	Vanilla Aspirations Expanded	3268401022		
116	workshop	vanillaexpanded.vcooke	Vanilla Cooking Expanded	2134308519		
117	workshop	vanillaexpanded.vee	Vanilla Events Expanded	1938420742		
118	workshop	oskarpotocki.vfe.insectoid2	Vanilla Factions Expanded - Insectoids 2	3309003431		
119	workshop	vanillaexpanded.vcef	Vanilla Fishing Expanded	1914064942		
120	workshop	vanillaexpanded.vanillafoodvarietyexpanded	Vanilla Food Variety Expanded	3334272487		
121	workshop	vanillaexpanded.outposts	Vanilla Outposts Expanded	2688941031		
122	workshop	vanillaexpanded.vplantse	Vanilla Plants Expanded	2134308522		
123	workshop	vanillaexpanded.vplantsesucculents	Vanilla Plants Expanded - Succulents	2198652536		
124	workshop	vanillaexpanded.vpsycastse	Vanilla Psycasts Expanded	2842502659		
125	workshop	steve.vpe.revertsomenerf	VPE: Revert Some Nerfs (Continued)	3484509389		
126	workshop	vanillaexpanded.vwenl	Vanilla Weapons Expanded - Non-Lethal	2454918354		
127	workshop	visiblewealth.1trickpwnyta	Visible Wealth	3461137081	1.1.3	
128	workshop	gguake.race.vivi	Vivi Race	3241577976		
129	workshop	xercaine.wallheater	Wall Heater	3286518227		
130	workshop	mlie.weaponmastery	Weapon Mastery (Continued)	2898431155	1.6.1	
131	workshop	co.uk.epicguru.whatsthatmod	What's That Mod	2258431182		
132	workshop	winggar.meaningfulparties	Wing's Meaningful Parties	3504909699		
133	workshop	udon.lesbiandevotee	レズビアン信奉者	2556299118		
134	workshop	udon.lesbianizationbrainwashingoperation	レズ化洗脳手術	2556298432		
135	workshop	xxk.hollowknight.core	空洞骑士	3248890712		
136	workshop	pupa.insectgirls	虫娘 Insect Girls	2451340446	2.435	
137	workshop	ri.rimimmortal.living	边缘仙路-俗世仙工 RimImmortal-Living[1.6]	3326145525		
138	workshop	ri.rimimmortal.core	边缘仙路-羽化登仙 RimImmortal-Core[1.6]	3296476341		
139	workshop	ri.rimimmortal.furniture	边缘仙路-雕梁画栋 RimImmortal-Furniture[1.6]	3478098371		
140	workshop	q.m	青的更多特性【More Traits】	3225933653		
141	workshop	momo.stayinbed	[MOMO]Stay in bed	3613092072		
142	workshop	nals.facialanimationexperimentals	[NL] Facial Animation - Experimentals	2581693737		
143	workshop	brrainz.achtung	Achtung!	730936602	4.1.14	
144	workshop	f1995.ambientlight	Ambient Light	3574400467	1.2	
145	workshop	nathanielcwm.beautifulwater	Beautiful Water (Fork)	2039480177		
146	workshop	ianlee.celetechfaction	CeleTech Faction	3529844914		
147	workshop	ih.clean.textures	Clean Textures	2865361569		
148	workshop	avilmask.commonsense	Common Sense	1561769193		
149	workshop	qiuci.gd5.expansion	Glitterworld Destroyer 5 Expansion	3550578949		
150	workshop	hailuan.insect	Insectoids 2 - More and stronger insectoids	3333841184		
151	workshop	rabiosus.jumplifter	JumpLifter	3493717994		
152	workshop	fxz.myafufu	Mya's fufu	3266224389		
153	workshop	petetimessix.researchreinvented	Research Reinvented	2868392160		
154	workshop	maux36.rimpsyche.disposition	Rimpsyche - Disposition	3578212339	1.0.20	
155	workshop	cj.rimtalk	RimTalk	3551203752	1.2.14	
156	workshop	telardo.romanceontherim	Romance On The Rim	2654432921	1.6.1.0	
157	workshop	vanillaexpanded.vcookehaute	Vanilla Cooking Expanded - Haute	3455694362		
158	workshop	vanillaexpanded.vcookestews	Vanilla Cooking Expanded - Stews	2134312965		
159	workshop	vanillaexpanded.vcookesushi	Vanilla Cooking Expanded - Sushi	2158539170		
160	workshop	vanillaexpanded.vcefaddon	Vanilla Fishing Expanded - Fishing Treasures AddOn	2468543398		
161	workshop	vanillaexpanded.vplantsemore	Vanilla Plants Expanded - More Plants	2748889667		
162	workshop	vanillaexpanded.vplantsemushrooms	Vanilla Plants Expanded - Mushrooms	3006389281		
163	workshop	vanillaexpanded.vpe.hemosage	Vanilla Psycasts Expanded - Hemosage	2990596478	1.0.2	
164	workshop	vanillaexpanded.vpe.puppeteer	Vanilla Psycasts Expanded - Puppeteer	3033779606	1.0.3	
165	workshop	chairheir.vperunesmith	Vanilla Psycasts Expanded - Runesmith	3339063087		
166	workshop	ri.rimimmortal.forge	边缘仙路-神机天纵 RimImmortal-Forge[1.6]	3308873789		
167	workshop	nz.rimimmortal.bizarre	边缘仙路-道诡异仙 RimImmortal-Bizarre	3325655760		
168	workshop	atri.mygo.fufu	BanG Dream! MyGO'sfufu	3549106170		
169	workshop	dubwise.dubsbreakmod	Dubs Break Mod	1722398508	1.0.1685	
170	workshop	hekmo.flavortext	Flavor Text	3245374432	0.3.6	
171	workshop	ferny.progressioneducation	Progression: Education	3590863552		
172	workshop	petetimessix.researchreinvented.steppingstones	Research Reinvented: Stepping Stones	2868389782		
173	workshop	danzen.vpe.biotechintegration	Vanilla Psycast Expanded - Biotech Integration	3110971925		
174	workshop	vanillaexpanded.skills	Vanilla Skills Expanded	3400246558		
175	workshop	xerohexa.viviracefacialanimation	Vivi Race Facial Animation	3508457318		
176	workshop	krguojiang.fufu	精灵之森的少女茶话会-fufu expanded	3534275396		
177	workshop	ri.rimimmortal.fiveelements	边缘仙路-五行流转 RimImmortal-FiveElements[1.6]	3439473215		
178	workshop	ri.rimimmortal.lre	边缘仙路-归墟前传	3323186008		
179	workshop	ri.rimimmortal.faction	边缘仙路-百家争鸣 RimImmortal-Faction[1.6]	3414794353		
180	workshop	breadmo.cinders	Cinders of the Embergarden	3421959154		
181	workshop	epona.eponadynasticrise	Epona Dynastic Rise	3514746737		
182	workshop	rooandgloomy.dragonianracemod	Gloomy Dragonian race	2960593459		
183	workshop	kalospacer.dragonianmix	Dragonian Mix	2961683592	1.6.05	
184	workshop	ancot.kiirorace	Kiiro Race	2988200143		
185	workshop	ancot.kiiroracegenepatch	Kiiro Race Gene Patch	2988200826		
186	workshop	zuoyao.kiiroorangecat	Kiiro Race - Orange Cat Xenotype (绮罗橘猫异种)	3674298993		
187	workshop	zuoyao.kiiromainecoon	Kiiro Race - Maine Coon Xenotype (绮罗缅因异种)	3706665681		
188	workshop	zuoyao.kiiroragdoll	Kiiro Race - Ragdoll Xenotype (绮罗布偶异种)	3739674393		
189	workshop	co.uk.epicguru.meleeanimation	Melee Animation	2944488802		
190	workshop	miho.fortifiedoutremer	Miho, the celestial fox	2816826107		
191	workshop	ancot.milirarace	Milira Race	3256974620		
192	workshop	ancot.miliraracegenepatch	Milira Race Gene Patch	3257000248		
193	workshop	sutsutman.minchothemintchocoslimeharver	Mincho, The Mint Choco Slime ~ HAR ver.	2477501851		
194	workshop	hentailoliteam.axolotl	MoeLotl Race	3292351432		
195	workshop	melondove.wolfeinrace	Wolfein Race	3473140562		
196	workshop	com.zoshsgahdnkc.wrmegacorpedition	Wolfein Race MegaCorp Edition	3687841204	2.27	
197	workshop	com.zoshsgahdnkc.wrextrabackstories	Wolfein Race Extra Backstories	3728916624	0.1	
198	workshop	ancot.wolfeinracegenepatch	Wolfein Race Gene Patch	3473178683		
199	workshop	com.zoshsgahdnkc.wrextragenes	Wolfein Race Extra Genes	3728917646	0.1	
200	workshop	ny.smeltedloong	中式龙娘——冶龍 SMELTED LOONG	3578170180		
201	workshop	ri.rimimmortals.seasonsofrule	[1.6]边缘仙路-四象之争 RimImmortals-SeasonsOfRule	3308877707		
202	workshop	src.core.markeazzyh	[SRC]Miho,Star Ring Corporation	3534748687		
203	workshop	tc3wikieditor.compat.alientailor	Alien Tailor	2866467227		
204	workshop	ancot.kiirofacialanimation	Kiiro Race Facial Animation	2991489003		
205	workshop	nyar.nclvstw	Mechanoids: Total Warfare	3555799437		
206	workshop	ancot.miliraracefacialanimation	Milira Race Facial Animation	3260848700		
207	workshop	ancot.milianmodification	Milira Tech: Milian Modification	3496629836		
208	workshop	hentailoliteam.axolotl.fa	MoeLotl Facial Animation	3292354961		
209	workshop	hentailoliteam.axolotl.factionexpand	MoeLotl Faction Expand	3412260468		
210	workshop	sanity.moelotlseries.meleeanimation	MoeLotl-FactionExpand-MeleeAnimationPatch	3413342283		
211	workshop	mygongfa.illmime	MoeLotl_gongfa	3552083629		
212	workshop	andromeda.nicehands	Nice Hands Retexture	3302328100		
213	workshop	melondove.wolfeinrace.fa	Wolfein Race Facial Animation	3473147120		
214	workshop	valeries.miliraexpansion	瓦莱丽的米莉拉扩展包	3422615030		
215	workshop	valeries.moelotlexpansion	瓦莱丽的萌螈扩展包	3425427670		
216	workshop	rid.miliramorethings	米莉拉轻工业扩展	3457113697		
217	workshop	mingyue.bao4	绮罗-背景故事拓展	3497791778		
218	workshop	ancot.kiirostoryeventsexpanded	Kiiro Story: Events Expanded	3036480100		
219	workshop	pakerwot.miliraeventandstortexpandthetaleofmilira	Milira Event Story Expand: The Tale of Milira	3477405110		
220	workshop	fxz.moelotlzombie.update	MoeLotl: Rigor Mortis	3454053400		
221	workshop	xiyueym.miliraexpandedxy	Milira Expanded - Future Technology	3560043283		
222	workshop	ariandel.miliraimperium	Milira Faction: Milira Imperium	3588393755		
223	workshop	moqi.telefonmast.graphicssettings.zh	Graphics Settings+ 汉化	3545907507		
224	workshop	cn.zhuzijun.wealthcorrector	WealthCorrector	2976632810		
225	workshop	zh.kahdeg.killfeed	Killfeed_zh	3459339805		
226	workshop	matathias.empire	Empire Refactored	3701480464	1.6.35	
227	workshop	vanillaexpanded.vanillatradingexpanded	Vanilla Trading Expanded	2785616901		
228	workshop	dame.arcanetechnology	Arcane Technology	2554469600		
229	workshop	solaris.ratkinracemod	NewRatkinPlus	1578693166		
230	workshop	eoralmilk.pawntextureoffsetadjuster	Pawn Texture Offset Adjuster	3715845771		
231	workshop	eoralmilk.ratkingeneexpanded	Ratkin Gene Expanded	3043354134		
232	workshop	eoralmilk.ratkinmoustate	Ratkin: Promised land Ruleless Moustate	3204817310		
233	workshop	bbb.ratkinweapon.morefailure	Ratkin Weapons+	2779404660		
234	workshop	bendan.ratkinpsycast	[Bendan]RatkinPsycast	3318518996		
235	workshop	bendan.ratkinpsycast.fuluexpanded	[Bendan]RatkinPsycast Fulu Expanded	3497716501		
236	workshop	bendan.ratkinpsycast.glintofthebladeexpanded	[Bendan]RatkinPsycast GlintOfTheBlade Expanded	3497720301		
237	workshop	bendan.ratkinpsycast.mechanicalascensionexpanded	[Bendan]RatkinPsycast Mechanical Ascension	3497722288		
238	workshop	bendan.ratkinpsycast.pharmacistexpanded	[Bendan]RatkinPsycast Pharmacist Expanded	3497724828		
239	workshop	oark.ratkinfaction.oberoniaaurea	[OA]Ratkin Faction: Oberonia aurea	3159926804		
240	workshop	oark.ratkinfaction.geneexpand	[OA]Ratkin Gene Expand	3300291918		
241	workshop	oark.ratkinfaction.scenarioexpand.snowstorm	[OA]Ratkin Scenario: Snowstorm Orphan	3381392312		
242	workshop	oark.ratkinknightorderfurniture	[OA]Ratkin : Knight Order(Furniture)	3492088220		
243	workshop	rkk.ratknights.core	Ratkin Knights+	3394862242		
244	workshop	fxz.ratkinanomaly.update	Ratkin Anomaly+	3293914637		
245	workshop	ratkin.extraordinary.mechanic	RatKin Extraordinary Mechanic	3421431725		
246	workshop	momanacha.ratkintextureupgrade	Ratkin Texture Upgrade	3383002343		
247	workshop	arodoid.semirandomprogression	Semi Random Research: Progression Fork	3505290557		
248	workshop	dubwise.dubsbadhygiene	Dubs Bad Hygiene	836308268	3.1.2800	
249	workshop	dbh.drinkpatches1.6fix	Dubs' Bad Hygiene - More Drinkables 1.6 Fix	3603632744		
250	workshop	dubwise.dubscentralheating	Dubs Central Heating	2619214952	1.1.1012	
251	workshop	kogasastudio.milirakiirocuddle	MiliraKiiroCuddle	3655037598	2.7	
252	workshop	barbariank.milirahair	Milira extra hair	3721760745		
253	workshop	yourname.miliratonyhair	米莉拉托尼老师发型包	3745917303		
254	workshop	sleepycot.wingsofdemocracy	Milira:Wings of Democracy	3626456960		
255	local	psyche.kemomimihouse	kemomimihouse			KemomimihouseLocal
256	workshop	moo.hardworking.kz	kemomimihouse HardworkingKz	2574995438		
257	workshop	moo.kemomimihouse.kz	kemomimihouse Kz	2211305406	250822	
258	workshop	avilmask.nonunopinata	Non uno Pinata (don't drop items)	1778821244		
259	workshop	ri.rimimmortal.exorcism	边缘仙路-镇邪诛鬼 RimImmortal-Exorcism[1.6]	3663824172		
260	workshop	heimu.littleredridinghood	"Wolfein extension:""Little Red Riding Hood"""	3698641606		
261	workshop	leopoko.wolfeinallegiance	Wolfein Allegiance	3707497233		
262	workshop	taranchuk.performanceoptimizer	Performance Optimizer	2664723367		
263	workshop	memegoddess.tdsbugfixes	TDS Bug Fixes - Continued	3529433984		
264	workshop	mrk.architectmenuoptimizer	Architect Menu Optimizer	3697920753		
265	workshop	sakurata.ideotickopt	Ideo Tick Optimization	3692498711		
266	workshop	dingzhen.levelthis	Level This! (Continued)	3443626025	1.0.2	
267	local	local.zhbundle	ZH Bundle (local aggregate)			ZHBundle
268	local	local.irisbalance	IrisBalance			IrisBalance
269	local	local.irisfixes	IrisFixes			IrisFixes
270	local	local.iristalentprogression	Iris Talent Progression			IrisTalentProgression
271	local	local.irisritualrecruitment	Iris Ritual Recruitment · 仪式招募白名单			IrisRitualRecruitment
272	local	local.irisstoragedefaults	Iris Storage Defaults			IrisStorageDefaults
